Paper_Name,Importance,Hemisphere,Anatomical_Region,Metric_Class,Metric_Name,Feature
Left Basal - FIRSTORDER: Skewness,0.0663875938773446,Left,Basal,firstorder,Skewness,L_Hippo_Label7003_firstorder_Skewness
Left Basal - FIRSTORDER: Kurtosis,0.0476548559440178,Left,Basal,firstorder,Kurtosis,L_Hippo_Label7003_firstorder_Kurtosis
Right Amygdala_Lateral - FIRSTORDER: Maximum,0.0409402499119641,Right,Amygdala_Lateral,firstorder,Maximum,R_Hippo_Label241_firstorder_Maximum
Left CA3_Head - SHAPE: SurfaceVolumeRatio,0.0373056733982984,Left,CA3_Head,shape,SurfaceVolumeRatio,L_Hippo_Label236_shape_SurfaceVolumeRatio
Right Accessory_Basal - GLDM: SmallDependenceHighGrayLevelEmphasis,0.0336413575473387,Right,Accessory_Basal,gldm,SmallDependenceHighGrayLevelEmphasis,R_Hippo_Label7005_gldm_SmallDependenceHighGrayLevelEmphasis
Right Accessory_Basal - FIRSTORDER: InterquartileRange,0.0297762230459124,Right,Accessory_Basal,firstorder,InterquartileRange,R_Hippo_Label7005_firstorder_InterquartileRange
Left Amygdala_Basal - GLCM: Imc2,0.0286634934807263,Left,Amygdala_Basal,glcm,Imc2,L_Hippo_Label242_glcm_Imc2
Left HATA - FIRSTORDER: RootMeanSquared,0.0282372641840192,Left,HATA,firstorder,RootMeanSquared,L_Hippo_Label211_firstorder_RootMeanSquared
Right Central - GLDM: DependenceNonUniformity,0.0276818710318234,Right,Central,gldm,DependenceNonUniformity,R_Hippo_Label7006_gldm_DependenceNonUniformity
Left HATA - GLCM: Correlation,0.0268841511339226,Left,HATA,glcm,Correlation,L_Hippo_Label239_glcm_Correlation
Left Hippocampal_tail - SHAPE: Maximum2DDiameterSlice,0.0268300183168574,Left,Hippocampal_tail,shape,Maximum2DDiameterSlice,L_Hippo_Label226_shape_Maximum2DDiameterSlice
Left Subiculum_Head - NGTDM: Contrast,0.0217439062543843,Left,Subiculum_Head,ngtdm,Contrast,L_Hippo_Label234_ngtdm_Contrast
Right Medial - FIRSTORDER: Skewness,0.0213113382329183,Right,Medial,firstorder,Skewness,R_Hippo_Label7008_firstorder_Skewness
Left Hippocampal_tail - SHAPE: SurfaceVolumeRatio,0.020761408228599,Left,Hippocampal_tail,shape,SurfaceVolumeRatio,L_Hippo_Label226_shape_SurfaceVolumeRatio
Left Fimbria - FIRSTORDER: Maximum,0.0175399418371094,Left,Fimbria,firstorder,Maximum,L_Hippo_Label240_firstorder_Maximum
Right Parasubiculum - FIRSTORDER: RobustMeanAbsoluteDeviation,0.0163498323586807,Right,Parasubiculum,firstorder,RobustMeanAbsoluteDeviation,R_Hippo_Label203_firstorder_RobustMeanAbsoluteDeviation
Left Presubiculum_Head - NGTDM: Contrast,0.0153298396777536,Left,Presubiculum_Head,ngtdm,Contrast,L_Hippo_Label233_ngtdm_Contrast
Left Medial - FIRSTORDER: Skewness,0.0143828869852946,Left,Medial,firstorder,Skewness,L_Hippo_Label7008_firstorder_Skewness
Right CA3_Head - SHAPE: Maximum2DDiameterColumn,0.0133395483261325,Right,CA3_Head,shape,Maximum2DDiameterColumn,R_Hippo_Label236_shape_Maximum2DDiameterColumn
Left Medial - GLCM: ClusterShade,0.0129733455129809,Left,Medial,glcm,ClusterShade,L_Hippo_Label7008_glcm_ClusterShade
Left Medial - NGTDM: Coarseness,0.0127686264755276,Left,Medial,ngtdm,Coarseness,L_Hippo_Label7008_ngtdm_Coarseness
Right Medial - GLCM: ClusterShade,0.0123078186088612,Right,Medial,glcm,ClusterShade,R_Hippo_Label7008_glcm_ClusterShade
Right CA4_Head - GLDM: SmallDependenceEmphasis,0.012058395181142,Right,CA4_Head,gldm,SmallDependenceEmphasis,R_Hippo_Label237_gldm_SmallDependenceEmphasis
Left CA4_Head - GLDM: SmallDependenceEmphasis,0.0110233613683532,Left,CA4_Head,gldm,SmallDependenceEmphasis,L_Hippo_Label237_gldm_SmallDependenceEmphasis
Left Amygdala_Basal - GLSZM: GrayLevelNonUniformity,0.0108469073698942,Left,Amygdala_Basal,glszm,GrayLevelNonUniformity,L_Hippo_Label242_glszm_GrayLevelNonUniformity
Left Hippocampal_fissure - GLCM: JointEnergy,0.0106618169422444,Left,Hippocampal_fissure,glcm,JointEnergy,L_Hippo_Label215_glcm_JointEnergy
Left HATA - FIRSTORDER: Maximum,0.0106353788801667,Left,HATA,firstorder,Maximum,L_Hippo_Label239_firstorder_Maximum
Right Presubiculum_Head - GLRLM: LongRunHighGrayLevelEmphasis,0.0100592366345013,Right,Presubiculum_Head,glrlm,LongRunHighGrayLevelEmphasis,R_Hippo_Label233_glrlm_LongRunHighGrayLevelEmphasis
Right Amygdala_Medial - FIRSTORDER: Skewness,0.0099208648437509,Right,Amygdala_Medial,firstorder,Skewness,R_Hippo_Label246_firstorder_Skewness
Left Accessory_Basal - FIRSTORDER: RobustMeanAbsoluteDeviation,0.0098327289792095,Left,Accessory_Basal,firstorder,RobustMeanAbsoluteDeviation,L_Hippo_Label7005_firstorder_RobustMeanAbsoluteDeviation
Right Fimbria - GLCM: ClusterShade,0.0096545219575028,Right,Fimbria,glcm,ClusterShade,R_Hippo_Label240_glcm_ClusterShade
Left Fimbria - GLSZM: LargeAreaEmphasis,0.0094985052296343,Left,Fimbria,glszm,LargeAreaEmphasis,L_Hippo_Label212_glszm_LargeAreaEmphasis
Right Hippocampal_tail - SHAPE: SurfaceVolumeRatio,0.0094481010653982,Right,Hippocampal_tail,shape,SurfaceVolumeRatio,R_Hippo_Label226_shape_SurfaceVolumeRatio
Left CA4_Head - SHAPE: Sphericity,0.0094271010496917,Left,CA4_Head,shape,Sphericity,L_Hippo_Label237_shape_Sphericity
Left Central - SHAPE: Sphericity,0.0092856818372814,Left,Central,shape,Sphericity,L_Hippo_Label7006_shape_Sphericity
Left GC_ML_DG_Head - SHAPE: Sphericity,0.009251271412809,Left,GC_ML_DG_Head,shape,Sphericity,L_Hippo_Label238_shape_Sphericity
Right Subiculum_Head - SHAPE: Maximum2DDiameterColumn,0.008745441417617,Right,Subiculum_Head,shape,Maximum2DDiameterColumn,R_Hippo_Label234_shape_Maximum2DDiameterColumn
Right CA3_Head - FIRSTORDER: Variance,0.0085946885332355,Right,CA3_Head,firstorder,Variance,R_Hippo_Label236_firstorder_Variance
Left Amygdala_Central - FIRSTORDER: Skewness,0.0083476914059432,Left,Amygdala_Central,firstorder,Skewness,L_Hippo_Label245_firstorder_Skewness
Right Fimbria - SHAPE: Flatness,0.0082383140771985,Right,Fimbria,shape,Flatness,R_Hippo_Label212_shape_Flatness
Right Central - FIRSTORDER: 10Percentile,0.008072031969326,Right,Central,firstorder,10Percentile,R_Hippo_Label7006_firstorder_10Percentile
Left Basal - GLCM: Imc1,0.0080409454588417,Left,Basal,glcm,Imc1,L_Hippo_Label7003_glcm_Imc1
Left Subiculum_Head - FIRSTORDER: Maximum,0.0074685028041154,Left,Subiculum_Head,firstorder,Maximum,L_Hippo_Label234_firstorder_Maximum
Right Parasubiculum - GLRLM: RunVariance,0.0070962843068614,Right,Parasubiculum,glrlm,RunVariance,R_Hippo_Label203_glrlm_RunVariance
Right Hippocampal_fissure - NGTDM: Busyness,0.0067710394638258,Right,Hippocampal_fissure,ngtdm,Busyness,R_Hippo_Label215_ngtdm_Busyness
Left CA1_Head - GLSZM: SmallAreaLowGrayLevelEmphasis,0.0066867798685245,Left,CA1_Head,glszm,SmallAreaLowGrayLevelEmphasis,L_Hippo_Label235_glszm_SmallAreaLowGrayLevelEmphasis
Right Subiculum_Head - FIRSTORDER: Maximum,0.0065410036295543,Right,Subiculum_Head,firstorder,Maximum,R_Hippo_Label234_firstorder_Maximum
Right Parasubiculum - FIRSTORDER: InterquartileRange,0.0054768772995059,Right,Parasubiculum,firstorder,InterquartileRange,R_Hippo_Label203_firstorder_InterquartileRange
Right Cortical - GLSZM: GrayLevelVariance,0.0046069813174509,Right,Cortical,glszm,GrayLevelVariance,R_Hippo_Label7007_glszm_GrayLevelVariance
Right Anterior_amygdaloid_area_AAA - FIRSTORDER: Maximum,0.0045547266116634,Right,Anterior_amygdaloid_area_AAA,firstorder,Maximum,R_Hippo_Label7015_firstorder_Maximum
Right HATA - GLCM: Imc1,0.0042316706711466,Right,HATA,glcm,Imc1,R_Hippo_Label239_glcm_Imc1
Right Hippocampal_fissure - FIRSTORDER: 90Percentile,0.0041633688264246,Right,Hippocampal_fissure,firstorder,90Percentile,R_Hippo_Label215_firstorder_90Percentile
Right Accessory_Basal - GLCM: ClusterTendency,0.0038908137957483,Right,Accessory_Basal,glcm,ClusterTendency,R_Hippo_Label7005_glcm_ClusterTendency
Right Accessory_Basal - SHAPE: Maximum2DDiameterColumn,0.0037873628159839,Right,Accessory_Basal,shape,Maximum2DDiameterColumn,R_Hippo_Label7005_shape_Maximum2DDiameterColumn
Left Anterior_amygdaloid_area_AAA - FIRSTORDER: Kurtosis,0.0034638433261341,Left,Anterior_amygdaloid_area_AAA,firstorder,Kurtosis,L_Hippo_Label7015_firstorder_Kurtosis
Left Basal - GLRLM: RunEntropy,0.0034616663902984,Left,Basal,glrlm,RunEntropy,L_Hippo_Label7003_glrlm_RunEntropy
Left HATA - FIRSTORDER: 90Percentile,0.0032921497662455,Left,HATA,firstorder,90Percentile,L_Hippo_Label211_firstorder_90Percentile
Right Amygdala_Basal - GLCM: Imc1,0.0031564809341097,Right,Amygdala_Basal,glcm,Imc1,R_Hippo_Label242_glcm_Imc1
Right Cortical - SHAPE: Sphericity,0.002903869742627,Right,Cortical,shape,Sphericity,R_Hippo_Label7007_shape_Sphericity
Left Amygdala_Medial - GLCM: Autocorrelation,0.0028931107900177,Left,Amygdala_Medial,glcm,Autocorrelation,L_Hippo_Label246_glcm_Autocorrelation
Left Parasubiculum - GLRLM: LongRunHighGrayLevelEmphasis,0.0028331253624,Left,Parasubiculum,glrlm,LongRunHighGrayLevelEmphasis,L_Hippo_Label203_glrlm_LongRunHighGrayLevelEmphasis
Right Amygdala_AccessoryBasal - FIRSTORDER: Maximum,0.0026648242600216,Right,Amygdala_AccessoryBasal,firstorder,Maximum,R_Hippo_Label243_firstorder_Maximum
Right Hippocampal_tail - FIRSTORDER: Energy,0.0023346266066883,Right,Hippocampal_tail,firstorder,Energy,R_Hippo_Label226_firstorder_Energy
Right Hippocampal_fissure - GLDM: DependenceEntropy,0.0021992919201203,Right,Hippocampal_fissure,gldm,DependenceEntropy,R_Hippo_Label215_gldm_DependenceEntropy
Left Anterior_amygdaloid_area_AAA - FIRSTORDER: Skewness,0.0017730739830922,Left,Anterior_amygdaloid_area_AAA,firstorder,Skewness,L_Hippo_Label7015_firstorder_Skewness
Left Basal - GLDM: LowGrayLevelEmphasis,0.0016642518575902,Left,Basal,gldm,LowGrayLevelEmphasis,L_Hippo_Label7003_gldm_LowGrayLevelEmphasis
Right Central - GLCM: ClusterShade,0.0013818208753082,Right,Central,glcm,ClusterShade,R_Hippo_Label7006_glcm_ClusterShade
Left Accessory_Basal - GLSZM: GrayLevelNonUniformity,0.0012650006472236,Left,Accessory_Basal,glszm,GrayLevelNonUniformity,L_Hippo_Label7005_glszm_GrayLevelNonUniformity
Left GC_ML_DG_Head - FIRSTORDER: Skewness,0.0012618157082439,Left,GC_ML_DG_Head,firstorder,Skewness,L_Hippo_Label238_firstorder_Skewness
Left Presubiculum_Head - GLDM: DependenceNonUniformityNormalized,0.0009990232140189,Left,Presubiculum_Head,gldm,DependenceNonUniformityNormalized,L_Hippo_Label233_gldm_DependenceNonUniformityNormalized
Right CA3_Head - FIRSTORDER: Maximum,0.0009596822706936,Right,CA3_Head,firstorder,Maximum,R_Hippo_Label236_firstorder_Maximum
Left HATA - GLCM: MCC,0.0008611260554292,Left,HATA,glcm,MCC,L_Hippo_Label211_glcm_MCC
Left Fimbria - NGTDM: Strength,0.0008299612160421,Left,Fimbria,ngtdm,Strength,L_Hippo_Label212_ngtdm_Strength
Left Subiculum_Head - GLDM: DependenceNonUniformityNormalized,0.0006886364205599,Left,Subiculum_Head,gldm,DependenceNonUniformityNormalized,L_Hippo_Label234_gldm_DependenceNonUniformityNormalized
Left Cortical - GLDM: SmallDependenceLowGrayLevelEmphasis,0.0001921960880746,Left,Cortical,gldm,SmallDependenceLowGrayLevelEmphasis,L_Hippo_Label7007_gldm_SmallDependenceLowGrayLevelEmphasis
Right Amygdala_AccessoryBasal - FIRSTORDER: Range,3.92259446101014e-06,Right,Amygdala_AccessoryBasal,firstorder,Range,R_Hippo_Label243_firstorder_Range
Right Hippocampal_tail - FIRSTORDER: TotalEnergy,3.898888536237544e-07,Right,Hippocampal_tail,firstorder,TotalEnergy,R_Hippo_Label226_firstorder_TotalEnergy
